firstName,lastName,email,phoneNumber
John,Doe,john.doe@example.com,1234567890
Jane,Smith,jane.smith@example.com,0987654321
Alice,Johnson,alice.johnson@example.com,5555555555
Bob,Brown,bob.brown@example.com,4444444444
Eve,Davis,eve.davis@example.com,3333333333
John,Doe,john.doe@example.com,1234567890
Jane,Smith,jane.smith@example.com,0987654321
Alice,Johnson,alice.johnson@example.com,5555555555
Bob,Brown,bob.brown@example.com,4444444444
Eve,Davis,eve.davis@example.com,3333333333
John,Doe,john.doe@example.com,1234567890
Jane,Smith,jane.smith@example.com,0987654321
Alice,Johnson,alice.johnson@example.com,5555555555
Bob,Brown,bob.brown@example.com,4444444444
Eve,Davis,eve.davis@example.com,3333333333
Alice,Johnson,alice.johnson@example.com,5555555555
Bob,Brown,bob.brown@example.com,4444444444
Eve,Davis,eve.davis@example.com,3333333333
John,Doe,john.doe@example.com,1234567890
Jane,Smith,jane.smith@example.com,0987654321
Alice,Johnson,alice.johnson@example.com,5555555555
Bob,Brown,bob.brown@example.com,4444444444
Eve,Davis,eve.davis@example.com,3333333333
John,Doe,john.doe@example.com,1234567890
Jane,Smith,jane.smith@example.com,0987654321
Alice,Johnson,alice.johnson@example.com,5555555555
Bob,Brown,bob.brown@example.com,4444444444
Eve,Davis,eve.davis@example.com,3333333333
Alice,Johnson,alice.johnson@example.com,5555555555
Bob,Brown,bob.brown@example.com,4444444444
Eve,Davis,eve.davis@example.com,3333333333
John,Doe,john.doe@example.com,1234567890
Jane,Smith,jane.smith@example.com,0987654321
Alice,Johnson,alice.johnson@example.com,5555555555
Bob,Brown,bob.brown@example.com,4444444444
Eve,Davis,eve.davis@example.com,3333333333
John,Doe,john.doe@example.com,1234567890
Jane,Smith,jane.smith@example.com,0987654321
Alice,Johnson,alice.johnson@example.com,5555555555
Bob,Brown,bob.brown@example.com,4444444444
Eve,Davis,eve.davis@example.com,3333333333
Alice,Johnson,alice.johnson@example.com,5555555555
Bob,Brown,bob.brown@example.com,4444444444
Eve,Davis,eve.davis@example.com,3333333333
John,Doe,john.doe@example.com,1234567890
Jane,Smith,jane.smith@example.com,0987654321
Alice,Johnson,alice.johnson@example.com,5555555555
Bob,Brown,bob.brown@example.com,4444444444
Eve,Davis,eve.davis@example.com,3333333333
John,Doe,john.doe@example.com,1234567890
Jane,Smith,jane.smith@example.com,0987654321
Alice,Johnson,alice.johnson@example.com,5555555555
Bob,Brown,bob.brown@example.com,4444444444
Eve,Davis,eve.davis@example.com,3333333333
Alice,Johnson,alice.johnson@example.com,5555555555
Bob,Brown,bob.brown@example.com,4444444444
Eve,Davis,eve.davis@example.com,3333333333
John,Doe,john.doe@example.com,1234567890
Jane,Smith,jane.smith@example.com,0987654321
Alice,Johnson,alice.johnson@example.com,5555555555
Bob,Brown,bob.brown@example.com,4444444444
Eve,Davis,eve.davis@example.com,3333333333
John,Doe,john.doe@example.com,1234567890
Jane,Smith,jane.smith@example.com,0987654321
Alice,Johnson,alice.johnson@example.com,5555555555
Bob,Brown,bob.brown@example.com,4444444444
Eve,Davis,eve.davis@example.com,3333333333
Alice,Johnson,alice.johnson@example.com,5555555555
Bob,Brown,bob.brown@example.com,4444444444
Eve,Davis,eve.davis@example.com,3333333333
John,Doe,john.doe@example.com,1234567890
Jane,Smith,jane.smith@example.com,0987654321
Alice,Johnson,alice.johnson@example.com,5555555555
Bob,Brown,bob.brown@example.com,4444444444
Eve,Davis,eve.davis@example.com,3333333333
John,Doe,john.doe@example.com,1234567890
Jane,Smith,jane.smith@example.com,0987654321
Alice,Johnson,alice.johnson@example.com,5555555555
Bob,Brown,bob.brown@example.com,4444444444
Eve,Davis,eve.davis@example.com,3333333333
Jane,Smith,jane.smith@example.com,0987654321
Alice,Johnson,alice.johnson@example.com,5555555555
Bob,Brown,bob.brown@example.com,4444444444
Eve,Davis,eve.davis@example.com,3333333333
John,Doe,john.doe@example.com,1234567890
Jane,Smith,jane.smith@example.com,0987654321
Alice,Johnson,alice.johnson@example.com,5555555555
Bob,Brown,bob.brown@example.com,4444444444
Eve,Davis,eve.davis@example.com,3333333333
Alice,Johnson,alice.johnson@example.com,5555555555
Bob,Brown,bob.brown@example.com,4444444444
Eve,Davis,eve.davis@example.com,3333333333
John,Doe,john.doe@example.com,1234567890
Jane,Smith,jane.smith@example.com,0987654321
Alice,Johnson,alice.johnson@example.com,5555555555
Bob,Brown,bob.brown@example.com,4444444444
Eve,Davis,eve.davis@example.com,3333333333
John,Doe,john.doe@example.com,1234567890
Jane,Smith,jane.smith@example.com,0987654321
Alice,Johnson,alice.johnson@example.com,5555555555
Bob,Brown,bob.brown@example.com,4444444444
Eve,Davis,eve.davis@example.com,3333333333
Alice,Johnson,alice.johnson@example.com,5555555555
Bob,Brown,bob.brown@example.com,4444444444
Eve,Davis,eve.davis@example.com,3333333333
John,Doe,john.doe@example.com,1234567890
Jane,Smith,jane.smith@example.com,0987654321
Alice,Johnson,alice.johnson@example.com,5555555555
Bob,Brown,bob.brown@example.com,4444444444
Eve,Davis,eve.davis@example.com,3333333333
John,Doe,john.doe@example.com,1234567890
Jane,Smith,jane.smith@example.com,0987654321
Alice,Johnson,alice.johnson@example.com,5555555555
Bob,Brown,bob.brown@example.com,4444444444
Eve,Davis,eve.davis@example.com,3333333333
Alice,Johnson,alice.johnson@example.com,5555555555
Bob,Brown,bob.brown@example.com,4444444444
Eve,Davis,eve.davis@example.com,3333333333
John,Doe,john.doe@example.com,1234567890
Jane,Smith,jane.smith@example.com,0987654321
Alice,Johnson,alice.johnson@example.com,5555555555
Bob,Brown,bob.brown@example.com,4444444444
Eve,Davis,eve.davis@example.com,3333333333
John,Doe,john.doe@example.com,1234567890
Jane,Smith,jane.smith@example.com,0987654321
Alice,Johnson,alice.johnson@example.com,5555555555
Bob,Brown,bob.brown@example.com,4444444444
Eve,Davis,eve.davis@example.com,3333333333